id,text,label
0,"اهيه",1
1,"شيباني افجل إيشير",1
1,"السلام عليكم ورحمة الله وبركاته",1
4,"انك محترم يواجعة",1
5," زين",1
6,"اهيه ",1
7,"ياااخوتي  ",1
8,"مانك محترم ",1
9,"يواجعة",1
01,"ههه م",1
00,"ختطاف الهاتف  كول سرقة الهاتف  ذا المحرر زين فيه يعدلول دورات تكوينية",0
01,"مرخاكم ذمن تلفون گط أصرگن ولانطحت فيه عنز",0
01,"تگدْ بعد ماتشفرْها ..ماشاء الله",1
04,"الذين كانوا وراء اختطاف الهاتف لله اريحنا من هذا النوع من الصحافة",0
05,"ذاك شفناه",1
06,"صور خاص  هو شي ماهو مناسب دايرو حد  افتلفون لاش كاع",1
07,"ذ أثر مهم",1
08,"كرمى بعد ذى فنانة اكبيرة",1
09,"هههه نعوذ بالله",1
11,"11ياااخوتي تلفون ماه أملم الحد وحد حااافظ اعل راص من ذو تلفونات وغيرهم نسأل الله السلامة والعافية",0
10,"كرمي منهي وزيرة رئيسة مصلحة سفيرة منهي ذي السيدة لو سمحتم",1
11,"هوم شرط عاد عندهم من العمل لاحراصت كرمي",0
11,"نتومَ تگدُ تشنايو ذشفيه نحن",0
14,"هاذ ظرك شنهو هي لاهاتف خليتون شكيت عنه صركت هي كاع هي بيه جوع كاع تشري واحد جديد خلي لخبار توف",0
15,"لا كلها تعدل فضيحة وتكول نسرگت تلفوني  ذ نوع من فيديوهات مايعدلو حد محترم",0
16,"مانكبلوها مانكبلوها",1
17,"ذ بيه اشطاره كامل اتباااركلل اصل ميه تلفونيان و لا تلفون",1
18,"أوشو استفدن نحن من ذا الخبر ؟",1
19,"واجع والله يامول الستر استرنا بسترك الجميل",1
11,"اصل الصحه",1
10,"ذ شنهي فائدتو",1
11,"ذ ماهو خبر مفرق شقلكم",1
11,"ههههه  محمر ستيوهاته",1
14,"منشور منه فديوه ظرك بعد الخير متين العافية",0
15,"ذي المنصة صراحة دفااافة ولاخلات شي لشويبات اخرامز",0
16,"لارده الله هذ هو الفيافى حك",0
17,"الله اكبر",1
18,"الله المستعان",1
19,"أخططاف الا اليقوت بعد",0
41,"اختطاف الهاتف",0
40,"هذا ماه خبر ايو وما بعد ذلك",1
41,"الله يستر",1
41,"شفت بعد ظرك فيديو غريب اله ماه اعل اطريك",0
44,"ختطاف الهاتف بعد  هي طمها",0
45,"كامل التضامن مع فنانتنا العظيم",1
46,"علاش گاع تعدل صور خاصة",0
47,"شفافة ",1
48,"التوفيق",1
49,"لتزوير",0
51,"المهزلة",0
50,"التزوير",0
51,"خيرا",1
51,"أح",0
54,"اح لي استغفر الله",1
55,"ماه مهم",0
56,"دعوتكم في غنى عنها والحمدلله رب العالمين",1
57,"اسكي حت الجد والنزاهة",0
58,"إن شاء الله تعالى",1
59,"ما شاء الله...قلوبكم عامرة... يغير اتقاو الله في حقوق المخالق",1
61,"خيرا يكون",1
60,"تقبل الله",1
61,"إياكم والتزوير",0
61,"إريح منكم",0
64,"رانا شهدنا أنكم مواظبون على صلاة الجمعة و حسن التحضير لها و إن شاء الله بقية الأعمال تعود حاظره",1
65,"الواعر لا تنكصُ شي من الصلاة",1
66,"فظمة",0
67,"لجنة الاصهار والاقارب ماعندها شِ امطريتُ..ولا مصداقية لاختياراتها",0
68,"قلبكم عامر بالإيمان",1
69,"فظمة",0
71,"ما مرجي منكم خير",0
70,"ماه مهم عندن",1
71,"اتقوا الله على الأقل في يوم الجمعة ",1
71,"ايو الجمعة بعد الا ركعتين الذاك",1
74,"فظمة",0
75,"إعادة الإنتخابات بعد صلاة  الجمعة",0
76,"مشرف ذاك ليهي تعدلو تبارك الله",1
77,"أصل فظمه امتوميه حك",1
78,"يا فظمه ",0
79,"العافية",1
81,"فظمة",0
80,"اطوالت ",0
81,"مشرف ",1
81,"هي عيشه من نعت الها ادكيك؟",1
84,"التظلمات ",0
85,"التخبط ",1
86," التزوير الموثق",0
87,"الخيانة",0
88,"الموثق",1
89,"إل كثّر ينفطل",0
91,"السؤال المطروح !هل سينتصر حزب الإنصاف على حزب الإصلاح غدا في المقاطعتين الموجودتين في ولاية أدرار",1
90,"اصادر حرية ",0
91,"العافية",1
91,"اتزيدوها",0
94,"اطوالت ",0
95,"مشرف ",1
96,"مبروووووك ",1
97,"اصل الصحة ",1
98,"يعيك الصحة ",1
99,"ماه صالح",0
011,"قلبني ",0
010,"ما",0
011,"لا ",0
011,"ماه",0
014,"بلا ",0
015,"عدَّل ",1
016,"واجعة واجعه",0
017,"الخزو",0
018,"فظيمة",0
019,"لحشمة",0
001,"الفيافي",0
000,"تصفاك ",0
001," لعياط",0
001,"خليتون",0
004,"خلاونv",0
005,"أخله ",0
006,"يخله",0
007,"منخلع",0
008,"أفصل",0
009,"عدل  عدلو ",1
011,"اصل الصحة",1
010," الصحه",1
011,"مبروك",1
011,"وخيرت",1
014,"ورخست",0
015,"دحسه",0
016,"دحستون",0
017,"رامدين",0
018,"زين",1
019,"مزين ذ ",1
011,"أسكي",1
010,"ذوقي ",1
011,"بلا فايدة",0
011,"متعدل ",1
014,"التعدال ",1
015,"التوفيق",1
016,"النجاح",1
017,"الشين",0
018,"شوين ؛",0
019,"واعر ",1
041,"صعيب",1
040,"مايورط",0
041,"الصرك",0
041,"سريريك ؛ ",0
044,"أطراطيك",0
045,"الكذب",0
046,"لكذيب ",0
047,"زفيط ؛",0
048,"إبرك ",1
049,"يبارك ؛",1
051,"خالين",0
050," خالي ",0
051,"أتف ",0
051,"يطيرهم ",0
054,"يخليهم",0
055,"يعطيهم فرق ",0
056," ،يكتلهم ",0
057,"راخي ",0
058,"طول عمر ",1
059,"يفظحن ",0
061,"كونكسيوه اينت لاهي ترجع ؟",1
060,"كامل الفشل لهذا الحكومة فشل وراء فشل",0
061,"الله يحفظك معالي الوزير داخلية",1
061,"شكرا",1
064,"وماذا عن أمن المواطنين ماتكلتمتو عنو",1
065,"حفظ الله بلادنا من كل مكروه",1
066,"هذا واضح",1
067,"أمن يواجعه ماتل خالك ",0
068,"ألاسألين ",1
069,"وفقكم الله لمًا فيه الخير للبلاد والعباد ونرجو حفظ الأمن",1
071,"حسبنا الله ونعم الوكيل",1
070,"اهيه ذاك معلوم",1
071,"حفظكم الله وأعانكم",1
071," لاسيبه",0
074,"الحمد لله",1
075,"حفظ الله بلادنا من مكروه",1
076,"نسأل الله السلامة والعافية حفظ الله بلادنا وبلاد المسلمين .",1
077,"أمننا فوق الجميع لا لتخريب والعنف",1
078,"الأمن فوق الجميع وللجميع",1
079,"الأمن قبل كل شيئ",1
081,"خلاص بكفي امن الوطن خط احمر",1
080,"شخصية مفعمة بالانسانية و النبل رجل وقور شهم",1
081,"نحن معك",1
081,"بالتوفيق",1
084,"قطعو رزوه",1
085,"ردونا الإنترنت نسلم اعل أهلنا",1
086,"ركزو اشوي",1
087,"ذ معناه شنه",1
088,"معالي الوزير مايعرف اشلاهي ايگول4e chnhou",1
089,"كامل الخلعة",1
091,"شمعجلكم",1
090,"اتكلمو مانكم خايفين نحن معاكم",1
091,"صار لهم تعدي على شرطي",0
091,"أياك خير",1
094,"اشكيف ذاك",1
095,"القضية متينة",1
096,"بالكم الكتابة",1
097,"بالتوفيق ان شاء الله،",1
098,"هذا شنه؟",1
099,"الصفحة أياك ماهي مقرسنه",1
111,"على الأقل تم صوروهم صور زينين",1
110,"ههه ذ عادت الخلعه",0
111,"تم",1
111,"هذ بعد الصورة المكبرة فيه سخرية تم طرح بالكم للصور الي اتعدل",1
114,"صار تعدي على شرطي يجب وقف جميع  المشاركين في القضيه",0
115,"في الانتظار ان شاء الله",1
116,"في الانتظار بشرا خير أنشأ الله",1
117,"يوضع وزير الداخلية لغة",0
118,"معالى  الفساد والاستبداد  وترهيب",0
119,"يلالي يذ من شي حق",1
101,"جزاالله خيرا معالي الوزير لاطمأن اعلي حالت الوطن",1
100,"نقطة صحفية بلا معلومات .",0
101,"بلا ",0
101,"مالذي يحدث ",1
104,"كذبة حمرة",0
105,"ماعندهم",0
106,"المستشارون ماعندهم كونكسيوه ألا مدة اتمشيلهم بلاغ أرعاوهم لايتردو",0
107,"ولاية كَيدي ماغه غير معنية !",1
108,"انتوم لاهي اتنصب مجالس مافات المجلس الدستور كال قرار في الإنتخابات",0
109,"ههههه مشولهم بلاغ في الإذاعة",1
111,"كيدي ماغة مؤجله إلين أينت",1
110,"هوم اثر فم مجالس جهوية ماهم هذ الل ذكرت؟؟",1
111,"كوما لاهي إشوف هاذ ونتوم گاطعين عنهم لنترنت",1
111,"كافيكم هذا من احتقار المواطن البسيط وطلص لهم الإنترنت",0
114,"مشولهم",1
115,"گاطعين",0
116,"هوم",1
117,"اثر",1
118,"احتقار ",0
119,"كافيكم",1
111,"ذ منين",1
110,"برد.اعلينه",0
111,"المكان بالتحديد",1
111,"هاذ لخبر لو شي",1
114,"ما انخلعت الطاولة",0
115,"لاحكتهم",1
116,"ياك ل الغزواني فيهم",1
117,"أطوالت",0
118,"ذاك فاصلين فيه يغير المشكله الطاويلة لاهي يرجعوله الا اهله",0
119,"أح",0
141,"الطاويله ممسحوحه مانت",1
140,"اح ماتنا اخلاونة",0
141,"أصل ماهي واجعة",0
141,"ذاك كامل متبرك",1
144,"اكبيل يمسحوك انت هو لأول",0
145,"حك الله يجعل ملك حايصه من فمك",1
146,"أي المطاعم",1
147,"ألا ايسبكوه فيه انت",0
148,"ماإزيدها شمسيح",0
149,"اياك ماه ممسوحه بكلنكس",0
151,"تستحق الطاولة أن تمسح مسحا",0
150,"مافم ش عميق الطاولة شنه ال لاه تمتسح",0
151,"يخي حكلل ساحلك.!!",1
151,"معلوم ذلك",1
154,"شمن الفشلة والمفسدين يباتر ذ ماينكالو المسح",0
155,"ذ المسح اياك ماهو كيف المسح الماضي  الطاولة ما ابطات قبرت",0
156,"هههه التغيير من القمة",1
157,"ذي السطرة الين اگولها البسطامي عرفو عن ماطاري شي اكبير.",1
158,"ذيك الطاولة. الها زمن اف ذيك  الحالة",1
159,"ماطرا شي",0
161,"النتيجة 1",0
160,"من كالهالك؟",1
161,"ذي الطاولة الحكه تِكف",0
161,"مافم شي ذاك كامل سو",0
164,"صرتك يذك الطاولة ال مغبره وبانيه فه الرتله",0
165,"التوفيق",1
166,"ماندورهم افر مهمنين",0
167,"نتائج معرفه من  1111",0
168,"فظمة",0
169,"يخوتي نحن نعرفو نتيجه ونهار حامي",0
171,"ألا خلوه عندكم",0
170,"اصل فظمه",0
171,"الكهرباء مقطوعة عن الحي منذ ساعة وحتى اللحظة",0
171,"ماعندن فيه غايه",0
174,"ذاك يعنى إلى المخرف في ألاك",0
175,"النتائج الصحية......ومدققة ",0
176,"بعد المغرب",1
177,"ماتلين  اندوروهم",0
178,"لا داعي",1
179,"ماني ماني قالت",0
181,"في الإنتظار....",1
180,"أوردغان فاز إلعدتُ ما اعلمتُ",1
181,"ظاهرلي عنكم تستراح",1
181,"واحلين اشوي حانون  انصيبو",1
184,"مان فيهم ماندوروهم",0
185,"التزوير وسوء الفعل",0
186,"افظييم عالم ملان",0
187,"مباعد انتخاباتكم مع انتخابات تركيا",1
188,"اوحلن في تركيا   ما يعرفو التزوير",0
189,"انتوم ماتحشم يسعدكم",0
191,"أردوغان أنجح ايبركها",1
190,"ابدى لا يورطوكم",0
191,"اندور موقع اللجنة المستقلة للانتخابات",1
191,"عندن انتخابات تركيا مان صايبين الكم",0
194,"ايكد مايتعبكم",0
195,"ماكابظن اقبااهم الوهم امورطين لعب مكشوف",0
196,"النتخابات ماه شفاف ابدا ونطالب الجمهور بتصويت لي شخصيا",0
197,"ماتين اندوروه رين اخباره من اعلام غيركم",0
198,"إشتتن الص ذاك لايوفه",0
199,"فظمة طفيلاتها عشرة",0
111,"زعزعةالأمن القومي أنتم",0
110,"لا اتلات اتورطكم النتائج الكل حصل عليها إلا أنتم",0
111,"مثلت موريتانيا  احسن تمثيل جزاها الله عنا خيرا",1
111,"هكذا أدت و قامت بما ندبها الشرع الإسلامي إليه",1
114,"تقبل الله منها الله ينصر لإسلام فى جميع البلدن",1
115,"الله يعطيه العافيه وصحه وسلامه وطول العمر إنشاءالله",1
116,"حفظك الله بالصحة والعافية",1
117,"الله يحفظه وني حتت",1
118,"هنا الخوف والأستشعار بمراقبة الله أطال له عمرها وبرر حجها وشكر سعيها",1
119,"رحم الله جدتي.  الله إطول عمره و يحفظه",1
101,"اللهم أمييييييييين يارب العالمين",1
100,"الحمدلله حق حمده ذاك زين العدلت جزاه الله خير الجزاء",1
101,"الله اكبر الله اكبر، الله ايطول عمرك",1
101,"الله يحفظها",1
104,"الله اكبر الله اكبر يتقبل منا ومنها مزين ذالي عدلت مشاء الله",1
105,"القوي المتين",1
106,"الحمد لله لعفاف زين",1
107,"يااااوني حتتتت معدل ذا لكلام ماشاء الله",1
108,"يااااوني بعد بذي الوالدة الله يحفظها ويخليه لولادها",1
109,"جزاهم الله خيرا",1
111,"الله يتقبال منا ومنها يارب لعالمين",1
110,"وخيرت بذي السيده الله يتقبل منها وامتعها بالصحه",1
111,"تقبل الله منها",1
111,"الخلق مصوفج الكان طبيب يعود ذرك مخليتو يدخل عيدي ويكشح كل بلاصة المريض وقة محتاج المساعدة مافم حرج وذ هي ماهي فاهمتو وتوف حد ليهي يحج يتعلم طريقة الحج كاملة",1
114,"الله اكبر  الله يحفظه واكثر امثاله",1
115,"يوكي حت الله اطول فعمرها ويرحم والتي ياربي ويرحم موتانا وموتى المسلمين",1
116,"مابيها الكبر ولاتشيبين إلا فترت يوني الله يتقبل منها",1
117,"وخيرت تقبل الله منت ومنها",1
118,"هاذ شئ طبيعى في الشعبنا الحبيب نساء إندنا لا يلمسها علي محرم لها",1
119,"يوگي الله يحفظها",1
111,"يوكي حت الله يحفظها نشالل",1
110,"فطرتها السليمة أبت ذلك وإن كانت مضطرة، رسالة للفانشيتات بعد، ذ لي بينها هي وهوماتي",1
111,"كانت اتخليهم يعاونها مسكينة",1
111,"وخيرت ووني",1
114,"مزين عندى هاذى المشهد",1
115,"ذي نوعها مايحج وحدو   يحفظها",1
116,"هاذو العساكر غريبين بيهم اللطف بالناس وحسن الأخلاق والرفق جزاهم الله خيرا",1
117,"هي ماتنتر اعليه الباسه بعد سابكّ تنتر ايده من الشرطة",0
118,"عالم يالناس لكبار ألا زين  ياوني",1
119,"ذو هوما لتفتخر بيهم الأمة",1
141,"يوكي",1
140,"يوووكي حتتتتت يارب احفظه واحفظلي أمي",1
141,"ذهو الدين",1
141,"العبر",1
144,"يوكي هاذو  اماتن نحن",1
145,"هذي اخباره هي ماتكد تحرك",0
146,"وخيرت",1
147,"وني ربي يحفظها وردهالن سالمة أساعية انشااالل",1
148,"هذ الشرطة بعد مربين يويلهم",1
149,"يوكي حت",1
151,"امرأة تقية",1
150,"هذي مالها",1
151,"يوكي",1
151,"يعطيك العافية",1
154,"هي من يالت ايعود معاه محرم",1
155,"هذ امره من ايداب الحسين وخيرت والدت صاحب",1
156,"وني حته",1
157,"هذا فى الحج والل",1
158,"يوكيي حتت ذا شي طبيعي الحمدلله كاع",1
159,"أغلب أهل موريتان أهل علم وقرأن",1
161,"ذ ماه شي مستغرب",1
160,"هاد صح",1
161,"بكيفها",1
161,"واخيرت اكبير الله يحفظك وإيكثر امثالك",1
164,"ياوني. حتتتت",1
165,"خايفة من النار يويشه",1
166,"الله يطول عمره يارب",1
167,"هي محرمها وينهو ؟",1
168,"ذ لمرة ماهي من لخيام؟",1
169,"ههههههههه   لعظامه",1
171,"شوف الحشمة",0
170,"ياوني بيها جد زين  وتوف",1
171,"هذي حرة مولان يويلها",1
171,"مخل اركاج يعرف منين يتم يكعد",0
174,"تقبل الله منا ومنها",1
175,"هي كاع اخباره تكعد فم وتحرج راصه",0
176,"الدخن كارثه",1
177,"اللا ان شاء الله ما ايعود ذوك مسؤولين الفساد دخل اعل الخط لتوقيف هجرة الشباب",1
178,"هذا هو العك المسموع بيه العافية حد ايتم لا تركيا الين ذهو دافع شور امريكا",1
179,"هذا عادي خطأ في تذاكر الطيران بسبب تحايل وجشع وكالات السفر هنا",1
181,"نكارجوا شنهو",1
180,"شنه دليلكم",1
181,"ايلا كفلو اعلين دور نمشو و الل ايشقولون اوتوف و اتعود امرده واضحة",1
181,"هاذا اينت  اثرو شي طاري ولل شنهو",1
184,"واجعه والله",1
185,"ايو گعدو التحت اسمعناكم",1
186,"يامولان العاد فيهم حد نعرف",1
187,"النتائج موجودة على هذا الرابط من لم يجدها عليه تحديث الصفحة فقط",1
188,"ذ مافيه شي",1
189,"نتايج منين انت اتجوق فينا ولا شنه",0
191,"ألا الحوض الشرقي",1
190,"ذا ماه صالح",0
191,"ذا فيه الا النعمة و باسكنو",1
191,"ذ الا النعمة",1
194,"ذ ما أعليه شي",0
195,"الموقع شنه و الطريقه ال ينجبر اعليها شنه",1
196,"منين يخوتي",1
197,"مارين شي",0
198,"ذ ماجبرن فيه شي",1
199,"ذا ياسر من الجوقه",0
411,"مشولي رابط",1
410,"هذ موقع ما فمناه",0
411,"الحمدلله مشولن الرابط",1
411,"خرصولى 08",1
414,"التوفيق إن شاء الله",1
415,"مافتحلي",0
416,"وينهو رابط",1
417,"خاظ والل",1
418,"اعطون رابط حكلل",1
419,"الراااابط",1
401,"موقع مافيه شي",1
400,"ذمانفتح",1
401,"حد مارى نتيجة",0
401,"ذ ماجبرناه",0
404,"مارين ش",0
405,"مافتحلي",0
406,"وينهو رابط",1
407,"الله يجازيك",1
408,"اخروجو ذه باك",1
409,"بريف خاظ",1
411,"ذمايگد ينفتح",0
410,"ذ مافيه نواكشوط الصفحة الاولى والثانية",1
411,"خاظ ولله",1
411,"ابريفه خاظت ؟",1
414,"موقع مفيه شي؟؟",0
415,"خرص رقم 091 مدرسة عالي توجنين",1
416,"ماجبرت فيه شي",0
417,"هوم خاظو",1
418,"الترارزة ماشفناه فذ يحكم عني أعظم",0
419,"هذا غرك",0
411,"نحن انحانوك",1
410,"جبرن لا ذي روايه لي ماتفاصلت لنا",0
411,"مارينه شي",0
411,"خاظ شي ولل",1
414,"الرابط لو تفضلتم",1
415,"ذ مابي ينزل فيه شي؟",0
416,"ابريفه امنين",1
417,"مافيه شي",0
418,"الموقع الرسمي لي نتايج من فضلكم",1
419,"ذ فيه لاالحوض الشرقي",1
441,"ميشولي رابط ينجبر اعليه",1
440,"مافاتو رتفعو",1
441,"اطوالت الخبار شنهي",0
441,"جازيك بالخير",1
444,"هذا خاوي مافيه شي",0
445,"هذا ماهو صالح",0
446,"ذ قلبني ندخلو",1
447,"خاظو",1
448,"وجتلك",1
449,"وجتلك نتائج بريفه خاظو",1
451,"ذامنين",1
450,"ماريناهم",0
451,"ههههه انتوم لاهي اتجنونه ولل شنه",0
451,"كتلك ابريف اثره توخظ اليوم ولل",1
454,"لا حاني التركة يتغداو",1
455,"خرصولى  ذالرقم16518",1
456,"امالو",1
457,"أينت",1
458,"جاااوبني حكل",1
459,"أينت",1
461,"قالبني مزلت ندخل الرابط",0
460,"أين",1
461,"وليدن انت كيف شي ناطح",0
461,"ماريناهم",0
464,"ذو حاگرين تگانت مانعتو نسبتها",0
465,"اينشيري مالو",1
466,"نحن ايلاه اهل كيد ماغا الحمد لله مبشرين ابان",1
467,"تكانت و ين",1
468,"نجاح كبير",1
469,"الندور الرابط",1
471,"اينت لاه توخظ",1
470,"ايو ذ اينت لاهي يوخظ",1
471,"عاشت لعصابة",1
471,"أينت لاهي توخظه",1
474,"وينهي تگانت",1
475,"واعكاب الولايات لخرين وينه",1
476,"انشيري امنين",1
477,"تيرس كم",1
478,"بريفة هي زاد اثرها ليه توخظ",1
479,"تكانت امنين",1
481,"ثرها خاطت؟؟",1
480,"هي اظره خاظت",1
481,"مشوولي رابط لينجبرو عليه نتائج",1
481,"كونكور خاظ راهو",1
484,"نسبة تعبانه جدا",0
485,"وينهو عگاب الولايات",1
486,"كتلكم كونكور امنين",1
487,"اففف هوم امنين",0
488,"نتائج كونكور قلبني نجبرهم مشولي الرابط",0
489,"تكانت ؟",1
491,"٨ناجح؟",1
490,"والموقع ماه نافع مالو مايدخل",0
491,"آها اص ذاك عاد قالُّ شي",0
491,"اص",1
494,"قالُّ شي",0
495,"عاد",1
496,"ذاك بعدآن مافهمت",1
497,"يرحمك ياالموجب",1
498,"شنه ذنبها البرو",1
499,"سبت شرتات",1
511,"ذاك ياس عاد",1
510,"ياس",1
511,"الله إيفظمي ذالنوع بع",0
511,"اكبيل يمنعوهم من النقل كامل",0
514,"تفرغ زينة أثرها دولة اوحده",1
515,"امساكين وحدين",0
516,"امساكين",0
517,"ذ ابلا معني",0
518,"ايو ذ عادي",1
519,"ان بعدا لين مايجونى كيف مسقارو مانى كايس هم",1
501,"خروجو",0
500,"مانك حاكي شي",0
501,"اتعب فيه ما اجبر شي",0
501,"وتوف",1
504,"مانخلع لجتماع",0
505,"هيا ماهى اجديده",1
506,"هاذ إياك ماه لاهي تمشي فلمراجن",1
507,"هذي لين يقسموها بينهم اتگد الا اتعدلهم ش",1
508,"ألف مبروك وأصل أصحه يقير كاع هوماأزين شي من بلو الكان فيه",1
509,"الا العافيه",1
511,"هوم اثرهم كم",1
510,"ذاك اص امتين",1
511,"هي ماهي امان",0
511,"الطيران المورتانى الا تنزل البركه اوتوف",0
514,"هههه هي كرعيه اتفرگو وانتوم اتگولو بسيط",0
516,"الممارسة",1
517,"هذي كل شي اتجي امعاه",1
518,"هههههههه عجيب",1
519,"ذك صحيح",1
511,"انشاءالله ذاك القرار يرجع عنهم",1
510,"ذاك هو ال فيه الخير",1
511,"الحمدلله كرام",1
511,"فظمة بعد عالم  مولان",0
514,"الله يرحم ايامك يا عزيز",0
515,"ذاك صالح",1
516,"ولاسباب",1
517,"أحسن قرار",1
518,"ممارسة عاش علي ذا",1
519,"ذاك بعد صالح",1
541,"تفرغ زينه دوله اوحد",1
540,"هذا هو أدنى قرار رأيته",0
541,"هههههه ذاك صالح",1
541,"تفرغ زينه اثره شنهي",0
544,"ذاك مايصح",0
545,"اهههههههه",1
546,"دير بينه امعاه جدار وتم رصف شور",1
547,"ماهو السبب",1
548,"هذا ظلم",0
549,"هاذ  طلم نعوذ بالله",1
551,"قرار صائب",1
550,"شنهو سبب",1
551,"والله يا واجع",0
551,"ذي شنهو",1
554,"اخلين",1
555,"ذه هو الفيه الخير",0
556,"فظمه..امكيست تفرغ زينه اشفيها من القيمة..",0
557,"يفظم تفرغ زين اثره شنه",1
558,"ماسمعتك",1
559,"هي تفرق زين أثر عادت الدول اوحده ابقرراته دون الآخرين عجيب",1
561,"لاش هوم ذع ناس لمعدلين عنهم شي تفرق زين هره ماهي تابعالهم والله شقلتهم هوم شاكن عن تفرق زين لجنه",1
560,"هذا ألا الفيافي المسموع بيه",0
561,"مكروح بعد",1
561,"كيشي عادوا لاهي يگطعوله البيات ذي متين شوي",0
564,"بكيت انت",0
565,"مانكم واحلين فشي",1
566,"ذاك لاتلحك  شاكيه منهم شوبيه",1
567,"اهل عرفات يالل عدلوهاالهم",1
568,"أنا بعد مانبقيهم يعمل تكص احسن السيارات و المركبات الجميلة اماتوك توك هذا خزو ولاه شي",0
569,"نحن بعد اصل ماهي إمخصرتن هاذي بروت هي ماهي تك توك هي بروت نحن لحياء الشعبيه نفتخر كل الفخر لي إمشات عن تك توك والل بروت  ماهي باكيان إفلاخلاك مانلا",0
571,"وذ أنت من قالولك؟",1
570,"تفرق زينة عادت لاس فيكاس  هههه",1
571,"مخلاه مهم لا تفرغ زينة",1
571,"يخوتي.هاذا.ياسر.من.ظلم.ولستحقار.عاد",0
574,"ذالى ليه ينقل فم كاع شنه اثرو",0
575,"مخلاه التوكتوك ماه حضري ولاه شي يال يعود في الواجهة",0
576,"شلهم به هي تفرغ شينة",1
577,"هههههه دور يمنع  اروكيج منه",0
578,"هومة امالهم1",1
579,"ذ معقول ؟؟",1
581,"هوم تك توك لفه مايحترموه شاكين عنهم رالات",1
580,"والله مايعود عندي توك توك مادخلة ذي امال الفيافي يغير حد ماه باقي يركب لايركب",1
581,"ذاک صالح اهل تفرغ زینه مایالتهم یعودو فاصلین فتیک توک",1
581,"ههههههه",1
584,"تفرغ زين مافيه حد راكب تكتك",1
585,"مانكبولوها مانكبلوها",1
586,"علاش",1
587,"ذ نوع من الخزو كاع",0
588,"حته الترحيل ملي مايدخلو حكحك",0
589,"هوم هل تفرق زين مايوكل معناه لوتات ماعينهم فيهم",0
591,"عندهم الحق تفرق زينه منطقة راقية وبلد الصراگ خايفين ينجرحو وتاتهم",1
590,"ينسخ الحكومه",0
591,"الااتواسونه ذاك",1
591,"هههه هاذماهوقرار اولاهوشي",0
594,"معناه عن حد ادخل تفرغ زينة ماتل لاه يجبر تكصيات وهي خلقه الحسنة ماه فيه",1
595,"هههههههههههه ماهو حك قالو عنه",1
596,"هي.تفرغ.زين.اثره.عادة.لرمز.املي.",1
597,"هي تفرغ زين في اي كرتية من أنواكشوط؟؟",1
598,"واجع المشكيل شنه",1
599,"اهل يسوا",1
611,"نحن اهل تفرق زين مانركب ماه تكتك",1
610,"تفرغ زين.اثره.شنهي.شباب.يشتغلي شباب كاست.لامريكا.مورتانيا.تعكب فيه لاالكهول.وحدهم",0
611,"تفرغ زينة لاهي يعزلوهة اوحدهة",0
611,"والعائلات إلي قوت يومهم من ذيك تكتوكات شنهو مصيرهم",1
614,"امالهم",1
615,"هههه اصل ماهي واجع عدهم الحق يويشهم لناس جعزوعم",1
616,"تفرق زين كل حد يعرف خبارها",1
617,"وذك انو لاش",0
618,"هذا قرار جائز فحكومة ولد الغزواني واضح علي ان الفقراء والضعفاء ماهم مهمين عندها وان اهم عندهم منها قلة  ازعاج المفسدين واللصوص في تفرغ زينة",0
619,"الفيافي حك",0
601,"تفرق زين فيه لا ناس اجانب لي جاي من المغرب ولي جاي من الجزائر ام ناس خلر هل موريتانيا حقيقي يين",1
600,"توت هو زوين",1
601,"ياليتهم منعوها من السير في جميع أنحاءالعاصمة",0
601,"بيهم عنو إيشير مزال . لين يكبر ماعندو مشكلة",0
604,"لاظلم  وگلت أنسانيه",0
605,"ما يصح",0
606,"جمهورية تفرغ زينة هذي بعد عالم او انتوم اصكوك اشايفين اعليه",1
607,"البارح بعد يسدر فيه اتعكاب امعان  قطعا دول قرراته مابعد حد بيهم",1
608,"يالل الدوله ملي تمنع الناس اشوين من تسكن تفرغ زينه اتصوعهم منه الين عادت تفرغ زينه بذي الدرجه من العظامه عندهم",0
609,"ذاك.زين",1
611,"هوتوك توك أهرو شم عدل إلي موحرم عليه تفرغ زينه شنهوسبب ألي ود توقيف توك توك هذا صعيب جدان",1
610,"كل نهار عندهم مرده",1
611,"ذاك أخبر فيه مولان هو لطي شي أم تفرغ زين ماططي شي أوماخسر ملي شي سمعت",0
611,"هي الورقه اثره للزوجة",1
614,"ماهو ذنبو الزوجه",1
615,"تلعب بدميتها",1
616,"وما ذنب إعرابية",1
617,"انت قالك شكراف .",0
618,"ماذنبها",1
619,"لله يحفظك وينصرك",1
610,"وخيرت نعم رجل",1
611,"ذاك ماه ابصيفتو ذيك حد يسمع الفيديو",1
611,"هاذو التعاليق يوجعو القلب… اللهم صل وسلم على سيدنا و حبيبنا محمد",1
614,"سبت شرتات",1
615,"من عنك لخلى",0
616,"يرحمك يالموجب",1
617,"ذ شنه",1
618,"إذا صح هذا فهذا جهل",0
619,"وما ذنبُ اعرابيةٍ ؟",1
641,"خروجو حگ",0
641,"ذاك الا كان إدور جحة توف آثرو هههه",1
641,"ذاك ص عاد أجنون هههه",0
644,"ماعاطيك حد عيالو بعد كيف الفظة",0
645,"إنتومه ذالكامل مظبطو منو مهو الطلاق",0
646,"نوح برد علين",1
647,"امنادم حامي",0
648,"أبغض الحلالي الطلاق",1
649,"يرحمك يالموجب",1
651,"المجبن كل شي ادجي بيه",0
650,"بهلول",1
651,"هو ذ امنادم طالعالو المجبنه ولل",0
651,"ذنبها شنه امسيكينه",0
654,"هذه الزوجة اثرها مشكلتها شنهي الين عادتطليقها نصرة للنبي الكريم عليه الصلاه والسلام",1
655,"مسيكين ادخل من منصات الفيافي ظيگة",0
656,"چان حرمنا من سلسلة افلام اكسبندبلس الناقص",0
657,"المصدر خالتك بعد صلاة المغرب",1
658,"شهرة سلفستار استلون مليونين الا ربع اجمعوني واحد تنين تلاته يشجعوني",0
659,"لعب الذر ههههه",0
661,"حمة",0
660,"دول ف وحش",0
661,"تصدق كنت هقع",1
661,"يفذكيث ذي صح وذي لفيلم",1
664,"شحال تخرطو  المخرج وما سمعش بيه السيناريو هذا",1
665,"لما تكذب الكذبة و تصدقها",0
666,"الي يحب الدح",1
667,"دنجب شلك بيها",1
668,"هيا دي القاضيه الحقيقيه",1
669,"بتحطي نفسك في موقف بايخة",1
671,"المصدر : سوق الجمعة",1
670,"متعود عضربات اللي كانو يضربوه ببدايتو الفنية",0
671,"عم يمزح معو",1
671,"حتى ايام زمان الافلام فيها غير",1
674,"أصل أسوَ",0
675,"لمردة شنهي",1
676,"اراهوم انطار فيهم",1
677,"الي امنين",1
678,"هاذ مايتواس",0
679,"كبظ طيارة الرئيس واكف ماهي معدلة شي",1
681,"ماعندهم شي كايلين  شركة تعبان عنده كثير من النواقص فكل شي",0
680,"ذوك الين اوفات مسرحية الانتخاباتالغاية منهم  اوفات",1
681,"الا مولانا يحفظ من باسها الطائرة فاصلة في يزكنن بيها",1
681,"لعلها اسباب فني",1
684,"اخيرمنه سونف الاحدمايخسراعل راصواشبهلو",0
685,"مارو  بصاجة اوتوه",1
686,"ماهي صايب",0
687,"سبب الفشال اوتوفى.",0
688,"سبيب عرسان ماشين لهيه",1
689,"لاسباب هي اركوميه",0
691,"الا خاسرة",0
690,"ذي ماهي شريك أولاه شي ذي ماه طاير ملي",0
691,"طايراته خاسرين وشبه كلتهم وشركة ماه مسؤولة اولا تخدم الوطن اشبه يكفلوه يكفين من لفظاحة",0
691,"الله يبارك فيك",1
694,"اصل الصحة ذ ما شاء الله يبعث فينا نحن الطلاب لخرين الأمل إن شاء الله",1
695,"الله يطول في عمرك ويرزقنا ويرزقك يارب",1
696,"الله يكون أف عونك ومبروك نجاح البونية",1
697,"الله يطول عمرك",1
698,"الله يحفظك ويكثر امثالك و يفتح اعليك ابواب رزقه يارب",1
699,"ينفعكم باش ؟",1
711,"الله يطول عمر ويجازيه",1
710,"تستهال كل خير",1
711,"الحمد لله والشكر  اصل الصحة",1
711,"بارك الله فيكم.",1
714,"اصل صح حتت بعد",1
715,"مبروك مبروك مبروك واصح،البارد",1
716,"الله يجازيه بالخير و ينزل فيها البركة",1
717,"يوكي حتت",1
718,"إنسان جميل",1
719,"ذوك هوم رجاله",1
701,"نعم الأب سرتك لراجل أنت بع الله يبارك فيك و في ولادك",1
700,"واصل الصحة",1
701,"بارك الله فيك",1
701,"اكثر أمثالك",1
704,"الله يبارك فيهم ويخليك الهم",1
705,"الله يحفظك و طول بعمرك",1
706,"اصل الصحة  بارك الله فيكم",1
707,"جزاك الله خيرا  عنهم",1
708,"اصل صحه يارب  دومه الفرح  عليك",1
709,"رجل بمعى  الكلمة",1
711,"الله يوفقن ويوفقك",1
711,"الحمد الله ألف مبروك وصحة حتتت الله ايزيد ويبارك إن شاء الله",1
711,"الف الف مبروك جزاه الله خيرا على التربية",1
714,"معدل ذ",1
715,"جزاك الله خيرا الله يخليهالك يارب",1
716,"اينزل فيها البركة",1
717,"يوكي حت",1
718,"الله إجازيك بالخير وعين وعينك",1
719,"يوكي حتتت اصل الصحة",1
711,"ألف ميروووووورك",1
710,"الله ايخليهلهم",1
711,"هذي قصه يقتدي بيها و أب تفتخر به موريتانيا",1
711,"الله ايجازيك بالإحسان",1
714,"يوكي يخي",1
715,"ش الا التوكل والحمد الحمدلله ماتوفه",1
716,"الحمدلله الله إبارك لك فيهم",1
717,"الله يكثر امثالك ويحفظك",1
718,"الله اكثر امثالك",1
719,"أسكي",1
741,"الناس النظيفه الله امد ف عمرك ويعطيك الصحة وخاليهالك",1
740,"الحمد الله علي كل حال",1
741,"و امنات البطارين ولخيام لكبار كالو هوم كاسيات عاريات مائلات مميلات على اسناب شات و تيكتوك",0
741,"ولله  صحة  حااات   رب  ارحمهما كما ربياني صغر",1
744,"الحمد لله نعم لأب حفظ الله كل الأباء والأمهات",1
745,"والله ال تحية اكبيرة حتتت واجازيك ابلحسان اعل تربيتك الطيبة",1
746,"اصل صحه",1
747,"حفظك الله وأكثر من أمثالك وألف مبروك وأصل الصحة",1
748,"هذهومعنى الرجوله",1
749,"والله صح ونعم اب",1
751,"الحمد الله جزاك الله خير",1
750,"ألله إكون افعونوه",1
751,"نعم لاب ويجازيك بالخير",1
751,"عاط شي الامولان",1
754,"رئيس ماه عاط شى ",0
755,"جزك الله خيرا انت علي تقول ألحقه اوجرفيكا علي ياطالك شكرا لك",1
756,"وخيرت اكبيره عالمولانه ال صحه حته اتبارك الله الله ازيد إن شاء الله",1
757,"الحمدلله ذاك ياسر من فضل الله",1
758,"العاطي شي مولان",1
759,"الحمدلله اصل اصحة ومن يتوكل على الله يرزقه من حيث لا يحتس",1
761,"الله إطول عمرك انشاء الله",1
760,"هذا من العناعه لواقع لذا الراجل افكر فتباركالله احسن الخالقين",1
761,"أصل صحه والحمد الله رب العالمين وجزاك الله خير",1
761,"الله يصلح حالنه وحالكم القناعة كنز لا يفنى",1
764,"لاحول الوالدين هذو روايه",1
765,"ياربي تسمحلي حق والديا",1
766,"الله باتريك وفيها نعم قدوة الرجل",1
767,"هذا يغير أصل الصحة الوالدين نعمة",1
768,"تساهل بعد خقك",1
769,"هاذا زين يحفظ انشالله",1
771,"يوكي حتت",1
770,"انت شريف وابن شرفاء ايها الاب الفاضل" ,1
771,"ومن يتوكل على الله فهو حسبه",1
771,"أزين فيديو گط آن بعد شفتو",1
774,"الله يحفظن ويحفطك إن شاء الله هاذا الاهو حالت اباتن كاملين مسكنين كاملين",1
775,"الله اخلين والدين وطولن فعمار",1
776,"يوݣي. حته",1
777,"اصل الصحه",1
778,"تحي لي هاذ أبو",1
779,"لله إبارك فيك ويعطيك مرادك فيها  إنشالل",1
781,"راجل متعدل وقظف ومكافح يالا لدولة تعدلو شي ماه ذا قطعا",1
780,"إبتعد قليلا عن مال أبيك وستعرف كيف يعيش الرجال",1
781,"باش",1
781,"متعدل انت بعد",1
784,"اصل صخة حتتت",1
785,"التآزر أشبه برنامج كط اخلك في البلد منذ الإستقلال يذكر فيشكر واستطاع عنو اعون الفئات الضعيفة في كل أنحاء البلاد",1
786,"ألله أيبارك فيك",1
787,"نو ضيعونا نحن ال دخلاء اعل تفرغ زينه ولافتنا عدنا بوتاتنا ماتلين نجبرو تكسيات",1
788,"يغير هاذو اللهي يجرو العدوالتيكسات تفرغ زين",1
789,"هههه الممنوع مرغوب",0
791,"تفرغ زينة يدخل فيها جميع الأسواق",1
790,"إبان ههههه",1
791,"شكرا اعل ذاك من ركت الجلد",1
791,"عزت تفرغ الزينة",1
794,"تفرق زين الا ثرها زين",1
795,"هههههه ذاك بعدمعيدل الالحك",1
796,"تمو.واكفين.",0
797,"اعل ذي الحال",1
798,"الا ثرها اكثر الشغله شورها",1
799,"كورساته زينين",1
811,"حت تفرق زين ألا من نواكشوط ولاهي لحد عن حد",1
810,"ذاك بعد سؤال مطروح",1
811,"أكثر الحركة فتفرغ زينه",1
811,"رايقين كبيتال حسب الفاهم",1
814,"عمال أغلبهم يشتغل  لا فتفرغ زينه",1
815,"تفرغ زينه مهي نوكشوط",1
816,"ذاك ثابت",1
817,"غريبة اخبار هذو توتك ….",1
818,"عدلوه",1
819,"عزة تفرغ الزينة",1
801,"بلد لبرود",1
800,"حك بعد",1
801,"ترافاق زين",1
801,"ألا أحب شيء للإنسان ما منع",1
804,"كلام جميل",1
805,"ذاك جايكم",0
806,"هذو رجاله من موريتان",1
807,"هههه ذاك دوروتجبروه",0
808,"ماه بعد من ملان",1
809,"ماقيهم خير كاملين",1
811,"ههههه ذاك ثابت",1
810,"الا الحك ههههه",1
811,"عندهم اسويرتي كلام ابلو",1
811,"لقطة تعبر عن لسان الحال.",1
814,"ههههه ذاك بصيفت ذيك",1
815,"هههه طريف حت",1
816,"الا واسو بشور  كافي ذاك الفتو حشتو",1
817,"دنيا فانيه",1
818,"السالك لاتوحل",1
819,"لله يوضعهم",0
811,"يوضعكم انشاء الله",0
810,"هههه ظحكته بع",1
811,"راكد لا انت",0
811,"ثابتا يولاله",1
814,"إنها كال كتير  معبره جدا",1
815,"ههههه تعبير أليس صح",0
816,"كلام في الصميم  وغير مركب  إنها الحقيقة بعينها",1
817,"ولد محم اهرو اجبر تعيين",1
818,"ماعندكم ماه صرك توف",0
819,"هههه الرجالة فاغمادها",1
841,"المخلوق امصرطينو حب ارگاد",0
840,"يخي ماقادى شي بعد",1
841,"هههههه هذ اجميعة اخباره كالت أموال الشعب",0
841,"هذ العصابه ماشوره ش بعد",0
844,"الجميع يضحك أهل مورتان غريبين وتوف",1
845,"هذالجماعاماتصيب عنهم اي حكوماجات",1
846,"اتف هوم الايبحث الصراق واردوهم واحدابعدواحد",0
847,"راكد حك ماكط كاع عاد واعي",0
848,"اسكي مخطر  ذاجماع  بعد",1
849,"ذاك ماه حك  ذاك جايكم  حق امخالق مولانه",0
851,"راجيين.من.ملان.ان.رحن.منذالعصاب",0
850,"هههه زوين ذاك بعد",1
851,"هاذ.لامن.مةريتاني.سيان.كامل.تقاو.ملان.فلوطن.ونفاسكم.وقول.الحق",1
851,"والله أل ألف من وريخست",0
854,"ذمنهوم",1
855,"إريحن منهم",0
856,"وشعب ميت",0
857,"كاريكاتير صادق ومعبر ويعكس حالة المتملقين .",1
858,"المشوار طويل والطريق واضحة",1
859,"فبلوووو",1
861,"لا تعجلو دور عينو عزيز گريب",1
860,"وخيرت بها جماعه",1
861,"راه.رادين.علية نجبر.شغلة.تازيازت",1
861,"نوم الا تصفاگكم",0
864,"يا كرشي",1
865,"قزينا",1
866,"هذ مديرن جديد وخيرت حك",1
867,"ههههه صحيح مشكيلة اركاد",1
868,"ذاك الي الحسد",0
869,"هذو إكول ههههههه كزيناه لعزيزح",1
871,"هههههههه الحال متين",1
870,"لسان الواقع",1
871,"ههه كلام مناسب صرتك",1
871,"كلام ينم عن الصورة",1
874,"ههههه مانكايله",1
875,"فظمه فيهم",0
876,"هههه ذاك جايكم",0
877,"ذاك أبصيفتو ذيك",1
878,"ههههههه اصل راكد ذاك جايكم مصحكم",0
879,"كلمات ف بلده",1
881,"خلو عنكم ول عمي",1
880,"ايهم الافسد وان كانو مشتركين في الصفة ؟؟؟؟؟",0
881,"وخير باللوبي مافيا",0
881,"ههههههه ذاك ثابت",1
884,"ذاك الاهوالحك.ماتجوقو",1
885,"هههه لاهي وكفته",1
886,"هههههه لواقع في صورة",1
887,"ايطيرو",0
888,"ما يكول شي",0
889,"دني اوتوف",0
891,"ماهو مهم",0
890,"عين الطلح ما كط جاه الماء فنهار  منذ سنة",0
891,"راني شاكيين من شركة الوطنية للماء الي فلعيون خالك حي ينكال حي الفاش  لو 7اشهر  مايجيه الماء وفتن تلفن اعليكم مرات بيه",0
891,"يالل اتعود كل منطقة عندها سيارة تتجول في الشوارع",1
894,"حد اتواصل امعاكم يجبركم اعليه",1
895,"راعيني نتلفلهم ما يكبظوني",1
896,"ذاك ارقم الا الفيافي",0
897,"هذا لا نوع من إهانة المواطن",0
898,"الماء گاع الا حانيه يخلگ",0
899,"يسو فاداخل",0
911,"المشكلة ماه التوصل",1
910,"هي الفيافي الأحمر",0
911,"هذا الرقم ماينجبر",1
911,"فظمه هذ عيت نعطو شهر تلفون عليه متردو عليه",0
914,"فظم سبقكم بها عكاشة صوملك. واسبوع الأول بعد الإعلان تم رفع رقم من الخدمة  انتم الأسوء لاشك",0
915,"ذي ماتلين لاهي نكطعو عنكم نحن دهرا مكطوع عن الماء",0
916,"ذلفيافي لماء ماه خلاق الناس خليها لعطش انتم واحلين فالوزير",0
917,"ما تحشم وتوف",0
918,"علموه عن نواكشوط عطشان حتى يوم دماس مكطوع عنا الماء",0
919,"هذا السيناريو كل سنة يتكرر قم في الفشل ولذلك بإستطاعتكم فقط أخذ صورة شخصية لوزيركم من عين المكان وإعطاء وعود والمغادرة فقط لاغير.",0
901,"ول عمي آن زين فيه يبعد عن لإعلام و يشتغل فصمت",1
900,"اخليتونا بالعطش أحساء كبيرة في انواكشوط بلاماء",0
901,"هي مشكلة الأمطار في أنواكشوط ماه من ظرك الحكه يقبظوله التدابير يامعالى الوزير.",1
901,"مزالت الكذبة لاه توكف اعليكم نحن مان اعجال",0
904,"يوقي حتته",1
905,"الفشل......الأمطار كل عام ضيع نواكشوط!",0
906,"يكولو يكليسي من هون ماهم قارين حد",0
907,"والله مانكم واحلين فش يسو شنه....ألا الفيافي",0
908,"الخلطة نحن ماإكد اعود ماعندن صرف صحي اولا نحشمو ملي",1
909,"لماذا تفكيركم سلبي لهذه الدرجة؟",0
911,"مشكلة بعد معناه عن من سبقوه لم يفعل شيء",1
910,"ماشاء الله ماناقصها ش يكون العاد الصرف الصحي وايام انشاف كاع اكثر",1
911,"عدل صرف صحي افظحتون",0
911,"اعطين العافية هههه",0
914,"باتي هاه والله ال فظمه",0
915,"حي دار البركة بتيارت فيه كثير المستنقعات",1
916,"هذا كل سنة يوقع مافات أطر ش",1
917,"أول مرة أتجي لمطار لنواكشوط ؟",1
918,"الكم 61سنة لاهي تتغلبوإعليه اولافتو عدلتوها...... مافم أمل اولا إيرادة باش يغلب إعليها",0
919,"دار النعيم ذلي اخلك الها العام الماضي امنين كنتُو",0
911,"ماطر شي الفشل هو السائد",1
910,"اندورو انشوفو",1
911,"نعم ياروح امك!",1
911,"ولله لا زفيط",0
914,"كثرو من سيتيرنات والبوطات وركورات لصرف المرضي أسحاب ماتلات أبعيد ههه",1
915,"المهم حسوه عن الناس خاليها لعطش، بالتوفيق اوراجينو اعود خلف أشبه من سلف",1
916,"فظمة هاه",1
917,"اصل ماطري شيءٍ بعد لي حكومة الفساد الاداري",0
918,"هههههههه كيفش مزال فيه شوكه الوزارة!",1
919,"هو أسماعيل كان إشتقل فاش سابق ذ",1
941,"ما نعرف عن شي نرجو له توفيق",1
940,"نحن بعد اهل المياه الا انكوسو اخليتون",1
941,"ذاك مايقلع لغطش",0
941,"كتلك الناس خاليه لعطش",0
944,"العاصمه عطشانه",0
945,"شر خلف لشر سلف",0
946,"سماعيل ذ من من",1
947,"ما طر ش",0
948,"إن ثبت جرمه هي ال مان فاهمين نحن",1
949,"شدور من الجرم فوك اساءة شفيع الامه",1
951,"إن ثبت جرمه تحتها خط هوم مزالو راقدين",1
950,"هيكلة بناف لا تسمن ولا تغني من جوع",0
951,"أسأل الله أن يطبقو فيه الحدود",1
951,"أحلي خبر",1
954,"كان يجيب عليهم فعلها من البدايه",1
955,"الله ايزيد افذاك العمل  ان شاء الله",1
956,"إن ثبت جرمه",1
957,"جرمه ثابت مما لاشك فيه",1
958,"جرمه ثابت",1
959,"الله يحفظك",1
961,"شوفي واخيرا",1
960,"ذيك بعد إن مشكيلة",1
961,"مزال داخلهم الشك فالجرم",1
961,"إن ثبت جرمه !",1
964,"آن بعد ماتليت مترشح كاع",0
965,"اهل ليصانص و ماستر نبقوهم يأجلوه  ماهي مخسرّ شي",1
966,"طيرو بعيد يوضعكم",0
967,"هوً مراقب خزينةً طارح اب بكالوريا يعتبر من فئة أ",1
968,"والله لن ادحسن ورطون ذ شنهو يباتي انواكشوط عاد طالع افروسن.",0
969,"كل استأخيرة فيه خيرة إن شاءالله",1
971,"ذ ماعند معنى والناس ماه صايب اتم كاعد فنواكشوط فات اعليه الزمن ماكبظت الراحه",0
970,"حد حاصل اعل باك ذي السنة اكد اشارك ولل",1
971,"هوم بعد دحسون",0
971,"ايوا لعاد اوخر اندور مواضيع فئة مراقب ضرائب",1
974,"بشرك الله خيرا",1
975,"تم",1
976,"إلا نختير نعرف ذ التأجيل علاش",1
977,"ساعة صفر شنه معاها؟",1
978,"يلالي مصيبهم عن ذا",0
979,"دحسونا",0
981,"هاذو امكاصير لعمار دحسون ابذ من التأجيل",0
980,"دحس",0
981,"هوم ايدور الناجحين ذ العام يشاركوا ؟",1
981,"ذاك هو الفيه الخير",0
984,"كل استاخيره فيها خير",1
985,"ذاك هو لفيه الخير",1
986,"ذاك هو لفيه الخير",0
987,"ذاك هو لى فيه خير",1
988,"طوالت اص",0
989,"فيه خير",1
991,"طوال ذ من تأجييل",0
990,"يجعل ربي فيها خير",1
991,"الحمد لله على كل حال",1
991,"فيه خير انشاء الله",1
994,"هذ جواقة ول شنه",0
995,"واجعه واللهي",0
996,"اطوالت",0
997,"أستاذ جاوبني جزاك الله بخير",1
998,"طعن نبقي نستفسر عن اخبارو",1
999,"مذا عن مسابقة المعهد العالي",1
0111,"أستاذ وانتوم ذ شنه رأيكم فيه ؟",1
0110,"ماهم مده يوضعهم",0
0111,"أكيد انه كذب",0
0111,"التصحيح لاقي",0
0114,"اصل دور يتخلطو",0
1003,1, "منصابلك لمابكيت"
1003,1,"زين عندي"
1003,1, "ممثل ال اليقوت"
1003, 0, "ذ لا شي رادو عليهم مولانه"
0, "ههههه هههه هههههه"
0,"افشل سلسلة"
0,"محاكاة"
1,"شكرا  العم حمدةكان"
0,"ههه ذلي عدل حمادة ألاكيفت ذاك لكط عدلن المطعم كرفور بكار"
1,"ذاك هو الفيه الخير"
0,"صكعتين.حنان."
0,"واش"
1, "هههههههههههه عالم مولاته ل لتعرفو تمثيل حك"
1,"ههههههههه اگملهم اخلصهم جانكيسخان قطعن"
0,"ربي اشعرن"
1, "ليلة اغد إن شاء الله. مفطرك في مطعم الخال  لا ساكن حذاه"
1,"هههههه ذا اشعر الفيه الا دگرت ذا"
1,"تم"
1,"هاذ زين من شي"
0,"ذ من لبياظ ال خالك الحنان ماھو خالك لنصارة ذ من عزت لبياظ شنھ"
0,"اگمنلهم إخلّصهم جنكيزخان"
0,"گالهَ انتي وافُوكْ الّي امعاك"
0,"ذ برنامج ممل"
1,"هههههههه هاذ ص هو لي ايظحك حك حماده ولاهي لي يكلتنى با الظحك"
1,"ههههه أزوين حتتتت بعد"
1,"ههههههه العم حماده الا الظحك"
0,"يخوتي مدة ما تكسح"
0,"هذا الا إعلان لمطعم ماهي حلقة ولاهو شي هذا تافه حتى"
0,"والله ال فظمه فذ التمثيل مخمرو"
1,"حلقة اص افيلحة"
1,"هههههههههههه واللـــــــــــه ال زوين"
1,"حماد ازوين"
1,"وهاي لعت مافت اظحكت عاكب لفطور"
0,"مسلسل مافيه شي يرضي ملان  لاالفيافي"
0,"ذه الا الفيافي حماده خلاتكً الحنان"
0,"يالا يتم ينعرض عل mbc3 ذ مايظحكً موه شاشرة ذوك المنهم موهم عاقلين"
1,"ههه ازوين حتتة"
0,"ماسخين"
0,"هذا ماهو تمثيل"
0,"عمل بلاعنوان بلاهدف اهم مافيه هو الترويج للمطعم والمكياج........"
0,"متمونك ال نت ونت تصكك"
1,"هههههه هو ازوين"
0,"الا قالبك يكون اتعود اتظحك"
0,"لا لحمار"
0,"ذا لا اخروجو يالتهم اغيرو سيناريو"
0,"مشا الله تبارك الله نوع من لمساخ جيد جدا"
0,"فظمه"
0,"ذ تعبان شكلا ومضونا"
0,"هرب"
0,"كالها عنو مايشفو ماهو فلقنات"
0,"ههههه اكملهم اخلصهم جنكيز خان"
0,"ذ النوع يطعن"
0,"المساخ"
0,"ماسخ ذ ولاه نافع"
0,"ذ شنه من تفاهة !؟"
1,"لهروب شين يغير اسلك"
0,"اخ"
0,"هي ذماله"
0,"اههههه"
0,"هذا الحلقه اطول منه إسم البنك"
0,"هههههه كلاص فاتورة كبير حك زين"
0,"لهروب شين"
0,"هاذ الا قدر الله وتوف"
0,"دون المستوا"
0,"هاذ هي الغسلة إلى فقن اعليه"
0"مطعم الخال راهو مش فيه"
0,"نحن هاذو الا محكروني توف"
0,"حلقة تتكون من مشهد واحد و ف دقيقتين ..."
0,"مسيكينbimbank راهي رتزات اوڨياتها ياواجعه"
0,"عالم مولان حماد خامر اولاتظحك"
0,"هو.حمادي.جي.علي"
1,"تمو طول اشوي"
1,"لا باس يغير هذه الحلقة مشكلتها قصيرة"
0,"هذا ليس تمثيل فاشل"
1,"لايك"
1,"حنا ن أزون حححتتتهههه"
0,"ذا أتعب أملي"
1,"ههههه حماده طريف"
0,"للأسف هذه الحلقات مأخوذة على طريق مسلسلات عراقية و افريقيه شاهداناها مرات"
0,"الفكر قديمة جدا"
0,"هههههه الله يسخ حماد"
0,"يا ذا من تمطريص وثقل"
1,"اسكي    مزين  هذا"
0,"والله العظيم الا خامره ماتلظحك"
0,"هذا لافيافي"
1,"ازوين"
1,"ههههه هذا باء زين حك"
0,"حقيقتا فاشلين"
0,"الحلقة الثانية من لمساااااااخ"
0,"هذ من الغسلة يرمح"
0,"هذ كلت القبول وبلا دوا"
0,"هههه الصراحه هذا تعبـان"
1,"ههههههههههه الحلقة ازوين"
0,"ذو لثنين كلهم كان قادي أعلى لوخر كلهم أغسل من قصة"
0,"جاري البحث .... عن ش اظحك"
0,"ههههه ههههه دخناوي دائما واحل فشي شابحو"
1,"اللهم إني ظلمت نفسى ظلما كثيرا فاغفرلي"
0,"مفشلها سلسله"
0,"ذ ظرك عنو شنه"
0,"ماسخ هاذتمثيل"
0,"خامر"
0,"تافه جداااا"
0,"اح اتعاب ذوالخلط مايظحك بماان حماد وج اظحكو اصلن بعد يغير ظرك مانعرف امالهم"
1,"هههههههه ذوك ماخلصوقطعآن"
1,"فاتورة ذكدها هههههههه"
1,"ههههه إبداع"
1,"الحاله امتين"
0,"حماده انت اهربت ماخلصت الفاتورة"
0,"يذ من أتبيديل وطول الكرة بلحونا على الغيبة فرمضان أنت وهي"
0,"يذاك من الغسله عند الكوم لاثنين"
0,"ما يظحك"
0,"يذ من القسلة يواجع."
0,"أزوين أنت بعد أج يقير بصراحه هاذ المسلسل مافت أفهمت محتواه"
0,"ذا ظرك شنهو ؟"
0,"فظمه حت"
0,"ذ ما مسختو ماه حنان البشير يكطيع بيك ممسخ جوك أتفو ذ ما ايكد ايتم كل ليله ابذي الصيفه ابدا"
1,"مظحكني الا خمر ذ"
0,"هاذ اصة زينة أهرب يبوية"
1,"فيه إبداع"
0,"عالمولان ال مقسولين"
1,"الواقع الموريتاني"
0,"ويلك من مارينز الزويرات هههه"
1,"حليقة زوينة"
0,"هذ معقول مسلسل مايضحك وخامر وفاشل"
1,"ههههه زوين حتتت ماشاء الله تبارك الله"
0,"ذمايظحك"
0,"عجيب"
0,"ذا عنو شنهو؟"
1,"حماده هاذ ألا اعيدل من شي"
0,"هذا هو اسوء برنامج هذا العام"